{
    "Hold/Sell": {
        "precision": 0.6181818181818182,
        "recall": 0.6238532110091743,
        "f1-score": 0.6210045662100456,
        "support": 109.0
    },
    "Buy": {
        "precision": 0.7320261437908496,
        "recall": 0.7272727272727273,
        "f1-score": 0.7296416938110749,
        "support": 154.0
    },
    "accuracy": 0.6844106463878327,
    "macro avg": {
        "precision": 0.675103980986334,
        "recall": 0.6755629691409508,
        "f1-score": 0.6753231300105602,
        "support": 263.0
    },
    "weighted avg": {
        "precision": 0.6848435145460419,
        "recall": 0.6844106463878327,
        "f1-score": 0.6846171808509525,
        "support": 263.0
    }
}