{
    "Hold/Sell": {
        "precision": 0.4190871369294606,
        "recall": 0.9528301886792453,
        "f1-score": 0.5821325648414986,
        "support": 106.0
    },
    "Buy": {
        "precision": 0.7727272727272727,
        "recall": 0.10828025477707007,
        "f1-score": 0.18994413407821228,
        "support": 157.0
    },
    "accuracy": 0.44866920152091255,
    "macro avg": {
        "precision": 0.5959072048283667,
        "recall": 0.5305552217281577,
        "f1-score": 0.38603834945985543,
        "support": 263.0
    },
    "weighted avg": {
        "precision": 0.6301955069684586,
        "recall": 0.44866920152091255,
        "f1-score": 0.34801247499421356,
        "support": 263.0
    }
}