{
    "Hold/Sell": {
        "precision": 0.41735537190082644,
        "recall": 0.9528301886792453,
        "f1-score": 0.5804597701149425,
        "support": 106.0
    },
    "Buy": {
        "precision": 0.7619047619047619,
        "recall": 0.10191082802547771,
        "f1-score": 0.1797752808988764,
        "support": 157.0
    },
    "accuracy": 0.4448669201520912,
    "macro avg": {
        "precision": 0.5896300669027942,
        "recall": 0.5273705083523615,
        "f1-score": 0.38011752550690947,
        "support": 263.0
    },
    "weighted avg": {
        "precision": 0.6230369469221871,
        "recall": 0.4448669201520912,
        "f1-score": 0.3412678887198004,
        "support": 263.0
    }
}