{
    "Hold/Sell": {
        "precision": 0.4110169491525424,
        "recall": 0.9150943396226415,
        "f1-score": 0.5672514619883041,
        "support": 106.0
    },
    "Buy": {
        "precision": 0.6666666666666666,
        "recall": 0.11464968152866242,
        "f1-score": 0.1956521739130435,
        "support": 157.0
    },
    "accuracy": 0.4372623574144487,
    "macro avg": {
        "precision": 0.5388418079096045,
        "recall": 0.514872010575652,
        "f1-score": 0.3814518179506738,
        "support": 263.0
    },
    "weighted avg": {
        "precision": 0.5636291379347382,
        "recall": 0.4372623574144487,
        "f1-score": 0.3454222291829204,
        "support": 263.0
    }
}