{
    "Hold/Sell": {
        "precision": 0.41365461847389556,
        "recall": 0.9716981132075472,
        "f1-score": 0.5802816901408451,
        "support": 106.0
    },
    "Buy": {
        "precision": 0.7857142857142857,
        "recall": 0.07006369426751592,
        "f1-score": 0.1286549707602339,
        "support": 157.0
    },
    "accuracy": 0.43346007604562736,
    "macro avg": {
        "precision": 0.5996844520940906,
        "recall": 0.5208809037375316,
        "f1-score": 0.3544683304505395,
        "support": 263.0
    },
    "weighted avg": {
        "precision": 0.6357586783854592,
        "recall": 0.43346007604562736,
        "f1-score": 0.3106794280010886,
        "support": 263.0
    }
}