{
    "Hold/Sell": {
        "precision": 0.411522633744856,
        "recall": 0.9433962264150944,
        "f1-score": 0.5730659025787965,
        "support": 106.0
    },
    "Buy": {
        "precision": 0.7,
        "recall": 0.08917197452229299,
        "f1-score": 0.15819209039548024,
        "support": 157.0
    },
    "accuracy": 0.43346007604562736,
    "macro avg": {
        "precision": 0.555761316872428,
        "recall": 0.5162841004686937,
        "f1-score": 0.36562899648713837,
        "support": 263.0
    },
    "weighted avg": {
        "precision": 0.5837315558059115,
        "recall": 0.43346007604562736,
        "f1-score": 0.32540358884198795,
        "support": 263.0
    }
}