{
    "Hold/Sell": {
        "precision": 0.0,
        "recall": 0.0,
        "f1-score": 0.0,
        "support": 11.0
    },
    "Buy": {
        "precision": 0.47619047619047616,
        "recall": 1.0,
        "f1-score": 0.6451612903225806,
        "support": 10.0
    },
    "accuracy": 0.47619047619047616,
    "macro avg": {
        "precision": 0.23809523809523808,
        "recall": 0.5,
        "f1-score": 0.3225806451612903,
        "support": 21.0
    },
    "weighted avg": {
        "precision": 0.22675736961451248,
        "recall": 0.47619047619047616,
        "f1-score": 0.3072196620583717,
        "support": 21.0
    }
}