{
    "Hold/Sell": {
        "precision": 0.4146341463414634,
        "recall": 0.9622641509433962,
        "f1-score": 0.5795454545454546,
        "support": 106.0
    },
    "Buy": {
        "precision": 0.7647058823529411,
        "recall": 0.08280254777070063,
        "f1-score": 0.14942528735632185,
        "support": 157.0
    },
    "accuracy": 0.4372623574144487,
    "macro avg": {
        "precision": 0.5896700143472022,
        "recall": 0.5225333493570484,
        "f1-score": 0.36448537095088823,
        "support": 263.0
    },
    "weighted avg": {
        "precision": 0.6236123309566801,
        "recall": 0.4372623574144487,
        "f1-score": 0.322781704550421,
        "support": 263.0
    }
}