{
    "Hold/Sell": {
        "precision": 0.8888888888888888,
        "recall": 0.8888888888888888,
        "f1-score": 0.8888888888888888,
        "support": 9.0
    },
    "Buy": {
        "precision": 0.9166666666666666,
        "recall": 0.9166666666666666,
        "f1-score": 0.9166666666666666,
        "support": 12.0
    },
    "accuracy": 0.9047619047619048,
    "macro avg": {
        "precision": 0.9027777777777777,
        "recall": 0.9027777777777777,
        "f1-score": 0.9027777777777777,
        "support": 21.0
    },
    "weighted avg": {
        "precision": 0.9047619047619048,
        "recall": 0.9047619047619048,
        "f1-score": 0.9047619047619048,
        "support": 21.0
    }
}