{
    "Hold/Sell": {
        "precision": 0.4057377049180328,
        "recall": 0.9339622641509434,
        "f1-score": 0.5657142857142857,
        "support": 106.0
    },
    "Buy": {
        "precision": 0.631578947368421,
        "recall": 0.07643312101910828,
        "f1-score": 0.13636363636363635,
        "support": 157.0
    },
    "accuracy": 0.4220532319391635,
    "macro avg": {
        "precision": 0.5186583261432269,
        "recall": 0.5051976925850259,
        "f1-score": 0.35103896103896104,
        "support": 263.0
    },
    "weighted avg": {
        "precision": 0.5405554808294812,
        "recall": 0.4220532319391635,
        "f1-score": 0.30940990568366994,
        "support": 263.0
    }
}