{
    "Hold/Sell": {
        "precision": 0.42105263157894735,
        "recall": 0.9056603773584906,
        "f1-score": 0.5748502994011976,
        "support": 106.0
    },
    "Buy": {
        "precision": 0.7142857142857143,
        "recall": 0.1592356687898089,
        "f1-score": 0.2604166666666667,
        "support": 157.0
    },
    "accuracy": 0.4600760456273764,
    "macro avg": {
        "precision": 0.5676691729323309,
        "recall": 0.5324480230741497,
        "f1-score": 0.4176334830339321,
        "support": 263.0
    },
    "weighted avg": {
        "precision": 0.596100517453329,
        "recall": 0.4600760456273764,
        "f1-score": 0.38714657187526086,
        "support": 263.0
    }
}