{
    "Hold/Sell": {
        "precision": 0.875,
        "recall": 0.7777777777777778,
        "f1-score": 0.8235294117647058,
        "support": 9.0
    },
    "Buy": {
        "precision": 0.8461538461538461,
        "recall": 0.9166666666666666,
        "f1-score": 0.88,
        "support": 12.0
    },
    "accuracy": 0.8571428571428571,
    "macro avg": {
        "precision": 0.8605769230769231,
        "recall": 0.8472222222222222,
        "f1-score": 0.851764705882353,
        "support": 21.0
    },
    "weighted avg": {
        "precision": 0.8585164835164835,
        "recall": 0.8571428571428571,
        "f1-score": 0.8557983193277311,
        "support": 21.0
    }
}