{
    "Hold/Sell": {
        "precision": 0.4117647058823529,
        "recall": 0.9245283018867925,
        "f1-score": 0.5697674418604651,
        "support": 106.0
    },
    "Buy": {
        "precision": 0.68,
        "recall": 0.10828025477707007,
        "f1-score": 0.18681318681318682,
        "support": 157.0
    },
    "accuracy": 0.4372623574144487,
    "macro avg": {
        "precision": 0.5458823529411765,
        "recall": 0.5164042783319313,
        "f1-score": 0.378290314336826,
        "support": 263.0
    },
    "weighted avg": {
        "precision": 0.5718899575039141,
        "recall": 0.4372623574144487,
        "f1-score": 0.3411597686953598,
        "support": 263.0
    }
}