{
    "Hold/Sell": {
        "precision": 0.4149377593360996,
        "recall": 0.9433962264150944,
        "f1-score": 0.5763688760806917,
        "support": 106.0
    },
    "Buy": {
        "precision": 0.7272727272727273,
        "recall": 0.10191082802547771,
        "f1-score": 0.1787709497206704,
        "support": 157.0
    },
    "accuracy": 0.44106463878326996,
    "macro avg": {
        "precision": 0.5711052433044135,
        "recall": 0.522653527220286,
        "f1-score": 0.37756991290068104,
        "support": 263.0
    },
    "weighted avg": {
        "precision": 0.6013886717545427,
        "recall": 0.44106463878326996,
        "f1-score": 0.3390195436148235,
        "support": 263.0
    }
}