{
    "Hold/Sell": {
        "precision": 0.40585774058577406,
        "recall": 0.9150943396226415,
        "f1-score": 0.5623188405797102,
        "support": 106.0
    },
    "Buy": {
        "precision": 0.625,
        "recall": 0.09554140127388536,
        "f1-score": 0.16574585635359115,
        "support": 157.0
    },
    "accuracy": 0.42585551330798477,
    "macro avg": {
        "precision": 0.5154288702928871,
        "recall": 0.5053178704482635,
        "f1-score": 0.36403234846665067,
        "support": 263.0
    },
    "weighted avg": {
        "precision": 0.5366765038102359,
        "recall": 0.42585551330798477,
        "f1-score": 0.32558135569947944,
        "support": 263.0
    }
}