{
    "Hold/Sell": {
        "precision": 0.4153225806451613,
        "recall": 0.9716981132075472,
        "f1-score": 0.5819209039548022,
        "support": 106.0
    },
    "Buy": {
        "precision": 0.8,
        "recall": 0.07643312101910828,
        "f1-score": 0.13953488372093023,
        "support": 157.0
    },
    "accuracy": 0.4372623574144487,
    "macro avg": {
        "precision": 0.6076612903225806,
        "recall": 0.5240656171133278,
        "f1-score": 0.36072789383786624,
        "support": 263.0
    },
    "weighted avg": {
        "precision": 0.6449589108303692,
        "recall": 0.4372623574144487,
        "f1-score": 0.3178349527125289,
        "support": 263.0
    }
}