{
    "Hold/Sell": {
        "precision": 0.416,
        "recall": 0.9811320754716981,
        "f1-score": 0.5842696629213483,
        "support": 106.0
    },
    "Buy": {
        "precision": 0.8461538461538461,
        "recall": 0.07006369426751592,
        "f1-score": 0.12941176470588237,
        "support": 157.0
    },
    "accuracy": 0.4372623574144487,
    "macro avg": {
        "precision": 0.6310769230769231,
        "recall": 0.525597884869607,
        "f1-score": 0.3568407138136153,
        "support": 263.0
    },
    "weighted avg": {
        "precision": 0.6727838549283416,
        "recall": 0.4372623574144487,
        "f1-score": 0.31273852216154546,
        "support": 263.0
    }
}